Album Name,Album Link
"Soundstage | Baltimore, Maryland | 2.17.24",https://papadosio.bandcamp.com/album/soundstage-baltimore-maryland-21724
"XL Live | Harrisburg, PA | 2.16.24",https://papadosio.bandcamp.com/album/xl-live-harrisburg-pa-21624
"Town Ballroom | Buffalo, NY | 2.15.24",https://papadosio.bandcamp.com/album/town-ballroom-buffalo-ny-21524
"Winter Werkout | The Bluestone | Columbus, OH | 2.10.24",https://papadosio.bandcamp.com/album/winter-werkout-the-bluestone-columbus-oh-21024
"Winter Werkout | The Bluestone | Columbus, OH | 2.9.24",https://papadosio.bandcamp.com/album/winter-werkout-the-bluestone-columbus-oh-2924
"The Midway | San Fransisco, CA | 1.27.24",https://papadosio.bandcamp.com/album/the-midway-san-fransisco-ca-12724
"Harrah's Lake Tahoe | Lake Tahoe, NV | 1.26.24",https://papadosio.bandcamp.com/album/harrahs-lake-tahoe-lake-tahoe-nv-12624
"Arcata Theatre Lounge | Arcata, CA | 1.25.24",https://papadosio.bandcamp.com/album/arcata-theatre-lounge-arcata-ca-12524
"Ashland Armory | Ashland, OR | 1.24.24",https://papadosio.bandcamp.com/album/ashland-armory-ashland-or-12424
"Star Theatre | Portland, OR | 1.23.24",https://papadosio.bandcamp.com/album/star-theatre-portland-or-12324
"Volcanic Theatre Pub | Bend, OR | 1.21.24",https://papadosio.bandcamp.com/album/volcanic-theatre-pub-bend-or-12124
"Mcdonald Theatre | Eugene, OR | 1.20.24",https://papadosio.bandcamp.com/album/mcdonald-theatre-eugene-or-12024
"The Crocodile | Seattle, WA | 1.19.24",https://papadosio.bandcamp.com/album/the-crocodile-seattle-wa-11924
"Jannus Live | St. Petersburg, FL | 12.31.23",https://papadosio.bandcamp.com/album/jannus-live-st-petersburg-fl-123123
"The Underbelly | Jacksonville, FL | 12.29.23",https://papadosio.bandcamp.com/album/the-underbelly-jacksonville-fl-122923
"Culture Room | Ft. Lauderdale, FL | 12.30.23",https://papadosio.bandcamp.com/album/culture-room-ft-lauderdale-fl-123023
"Dream Out Loud | The Mission Ballroom | Denver, CO | 12.15.23",https://papadosio.bandcamp.com/album/dream-out-loud-the-mission-ballroom-denver-co-121523
"Barrelhouse Ballroom | Chattanooga, TN | 12/1/23",https://papadosio.bandcamp.com/album/barrelhouse-ballroom-chattanooga-tn-12-1-23
"Taft Theatre | Cincinnati, OH | 11.25.23",https://papadosio.bandcamp.com/album/taft-theatre-cincinnati-oh-112523
"Kenny's West Side Pub | Peoria, IL | 11.12.23",https://papadosio.bandcamp.com/album/kennys-west-side-pub-peoria-il-111223
"Park West | Chicago, IL | 11.11.23",https://papadosio.bandcamp.com/album/park-west-chicago-il-111123
"Elevation | Grand Rapids, MI | 11.10.23",https://papadosio.bandcamp.com/album/elevation-grand-rapids-mi-111023
"The Magic Stick | Detroit, MI | 11.9.23",https://papadosio.bandcamp.com/album/the-magic-stick-detroit-mi-11923
"George's Majestic | Fayetteville, AR | 10.28.23",https://papadosio.bandcamp.com/album/georges-majestic-fayetteville-ar-102823
"George's Majestic | Fayetteville, AR | 10.27.23",https://papadosio.bandcamp.com/album/georges-majestic-fayetteville-ar-102723
The Hall | Little Rock Arkansas | 10.26.23,https://papadosio.bandcamp.com/album/the-hall-little-rock-arkansas-102623
"The Jefferson | Charlottesville, VA | 10.14.23",https://papadosio.bandcamp.com/album/the-jefferson-charlottesville-va-101423
"Union Stage | Washington, D.C. | 10.13.23",https://papadosio.bandcamp.com/album/union-stage-washington-d-c-101323
"Ardmore Music Hall | Ardmore, PA | 10.12.23",https://papadosio.bandcamp.com/album/ardmore-music-hall-ardmore-pa-101223
"Biscoland | Wonderland Forest, Lafayette, NY | 10.6.23",https://papadosio.bandcamp.com/album/biscoland-wonderland-forest-lafayette-ny-10623
"Subterrennea | The Caverns, Pelham, TN | 9.23.2023",https://papadosio.bandcamp.com/album/subterrennea-the-caverns-pelham-tn-9232023
"Subterennea | The Caverns, Pelham, TN | 9.22.23",https://papadosio.bandcamp.com/album/subterennea-the-caverns-pelham-tn-92223
"Radiohead Tribute | Secret Dreams | Legend Valley, OH | 8.17.23",https://papadosio.bandcamp.com/album/radiohead-tribute-secret-dreams-legend-valley-oh-81723
"Secret Dreams | Legend Valley, OH | 8.18.23",https://papadosio.bandcamp.com/album/secret-dreams-legend-valley-oh-81823
"Secret Dreams | Legend Valley, OH | 8.19.23",https://papadosio.bandcamp.com/album/secret-dreams-legend-valley-oh-81923
"Cohab Space | High Point, NC | 8.5.23",https://papadosio.bandcamp.com/album/cohab-space-high-point-nc-8523
"Elevation 27 | Virginia Beach, VA | 8.4.23",https://papadosio.bandcamp.com/album/elevation-27-virginia-beach-va-8423
"Hop Springs | Murfreesboro, TN | 7.29.23",https://papadosio.bandcamp.com/album/hop-springs-murfreesboro-tn-72923
"The Hawthorn | St. Louis, MO | 7.28.23",https://papadosio.bandcamp.com/album/the-hawthorn-st-louis-mo-72823
"Summer Seequence Night 3 | Salvage Station | Asheville, NC | 6.24.23",https://papadosio.bandcamp.com/album/summer-seequence-night-3-salvage-station-asheville-nc-62423
"Summer Seequence Night 2 | Salvage Station | Asheville, NC | 6.23.2",https://papadosio.bandcamp.com/album/summer-seequence-night-2-salvage-station-asheville-nc-6232
"Summer Seequence Night 1 | Salvage Station | Asheville, NC | 6.22.23",https://papadosio.bandcamp.com/album/summer-seequence-night-1-salvage-station-asheville-nc-62223
"Hogfarm Hideaway | Laytonville, CA | 6.9.23",https://papadosio.bandcamp.com/album/hogfarm-hideaway-laytonville-ca-6923
"Santa Fe Brewing Company | Santa Fe, NM | 6.17.23",https://papadosio.bandcamp.com/album/santa-fe-brewing-company-santa-fe-nm-61723
"Sonic Bloom | Rye, Co | 6.15.23",https://papadosio.bandcamp.com/album/sonic-bloom-rye-co-61523
To Live A Making,https://papadosio.bandcamp.com/album/to-live-a-making
Acoustic Live,https://papadosio.bandcamp.com/album/acoustic-live
Microdosio,https://papadosio.bandcamp.com/album/microdosio-2
Content Coma,https://papadosio.bandcamp.com/album/content-coma
Pattern Integrities,https://papadosio.bandcamp.com/album/pattern-integrities
Pattern Integrities: Remixed,https://papadosio.bandcamp.com/album/pattern-integrities-remixed
Extras In A Movie,https://papadosio.bandcamp.com/album/extras-in-a-movie
Night & Day (Live),https://papadosio.bandcamp.com/album/night-day-live
To End the Illusion of Separation (T.E.T.I.O.S),https://papadosio.bandcamp.com/album/to-end-the-illusion-of-separation-t-e-t-i-o-s
Observations,https://papadosio.bandcamp.com/album/observations
Magreenery,https://papadosio.bandcamp.com/album/magreenery
By the Light of the Stars EP,https://papadosio.bandcamp.com/album/by-the-light-of-the-stars-ep-2
"Summercamp Music Festival | Chillicothe, IL | 5.27.23",https://papadosio.bandcamp.com/album/summercamp-music-festival-chillicothe-il-52723
"Night Colors 2023 | Austin, TX | 5.6.23",https://papadosio.bandcamp.com/album/night-colors-2023-austin-tx-5623
"Last Concert Cafe | Houston, TX | 5.5.23",https://papadosio.bandcamp.com/album/last-concert-cafe-houston-tx-5523
"Backwoods Music Festival | Ozark, AR | 4.21.23",https://papadosio.bandcamp.com/album/backwoods-music-festival-ozark-ar-42123
"Thunderbird | Pittsburgh, PA | 4.6.23",https://papadosio.bandcamp.com/album/thunderbird-pittsburgh-pa-4623
"The Westcott Theater | Syracuse, NY | 4.8.12",https://papadosio.bandcamp.com/album/the-westcott-theater-syracuse-ny-4812
"Town Ballroom | Buffalo, NY | 4.7.23",https://papadosio.bandcamp.com/album/town-ballroom-buffalo-ny-4723
"Park City Music Hall | Bridgeport, CT | 3.26.23",https://papadosio.bandcamp.com/album/park-city-music-hall-bridgeport-ct-32623
"Sony Hall | New York, NY | 3.25.23",https://papadosio.bandcamp.com/album/sony-hall-new-york-ny-32523
"Brooklyn Bowl | Philadelphia, PA | 3.24.23",https://papadosio.bandcamp.com/album/brooklyn-bowl-philadelphia-pa-32423
"XL Live | Harrisburg, PA | 3.23.23",https://papadosio.bandcamp.com/album/xl-live-harrisburg-pa-32323
"Terminal West | Atlanta, GA | 3.18.23",https://papadosio.bandcamp.com/album/terminal-west-atlanta-ga-31823
"Saturn | Birmingham, AL | 3.16.23",https://papadosio.bandcamp.com/album/saturn-birmingham-al-31623
"Terminal West | Atlanta, Ga | 3.17.23",https://papadosio.bandcamp.com/album/terminal-west-atlanta-ga-31723
"Tipitina's | New Orleans, LA | 3.4.23",https://papadosio.bandcamp.com/album/tipitinas-new-orleans-la-3423
"Tipitina's | New Orleans, LA | 3.3.23",https://papadosio.bandcamp.com/album/tipitinas-new-orleans-la-3323
"The Canal Club | Richmond, VA | 2.18.23",https://papadosio.bandcamp.com/album/the-canal-club-richmond-va-21823
"Baltimore Soundstage | Baltimore, MD | 2.17.23",https://papadosio.bandcamp.com/album/baltimore-soundstage-baltimore-md-21723
"The Millennium Center | Winston-Salem, NC | 2.4.23",https://papadosio.bandcamp.com/album/the-millennium-center-winston-salem-nc-2423
"The Pour House | Charleston, SC | 2.3.22",https://papadosio.bandcamp.com/album/the-pour-house-charleston-sc-2322
"The Pour House | Charleston, SC | 2.2.23",https://papadosio.bandcamp.com/album/the-pour-house-charleston-sc-2223
"Revolution Live | Ft. Lauderdale, FL | 1.21.23",https://papadosio.bandcamp.com/album/revolution-live-ft-lauderdale-fl-12123
"Jannus Live | St. Petersburg, FL | 1.20.23",https://papadosio.bandcamp.com/album/jannus-live-st-petersburg-fl-12023
"Underbelly | Jacksonville, FL | 1.19.22",https://papadosio.bandcamp.com/album/underbelly-jacksonville-fl-11922
"The Orange Peel | Asheville, NC | 12.30.22",https://papadosio.bandcamp.com/album/the-orange-peel-asheville-nc-123022
"The Orange Peel | Asheville, NC | 12.31.22",https://papadosio.bandcamp.com/album/the-orange-peel-asheville-nc-123122
"Old Town Pub | Steamboat Springs, CO | 12.11.22",https://papadosio.bandcamp.com/album/old-town-pub-steamboat-springs-co-121122
"Aggie Theatre | Fort Collins, CO | 12.10.22",https://papadosio.bandcamp.com/album/aggie-theatre-fort-collins-co-121022
"The Boulder Theatre | Boulder, CO | 12.9.22",https://papadosio.bandcamp.com/album/the-boulder-theatre-boulder-co-12922
"10 Mile Music Hall | Frisco, CO | 12.8.22",https://papadosio.bandcamp.com/album/10-mile-music-hall-frisco-co-12822
"T.E.T.I.O.S. Live | Cleveland, OH | 11.25.22 - 11.26.22",https://papadosio.bandcamp.com/album/t-e-t-i-o-s-live-cleveland-oh-112522-112622
"The Hall | Little Rock, AR | 11.12.22",https://papadosio.bandcamp.com/album/the-hall-little-rock-ar-111222
"George's Majestic | Fayetteville, AR | 11.11.22",https://papadosio.bandcamp.com/album/georges-majestic-fayetteville-ar-111122
"Beer City Music Hall | Oklahoma City, OK | 11.10.22 | 11.",https://papadosio.bandcamp.com/album/beer-city-music-hall-oklahoma-city-ok-111022-11
"Elevation 27 | Virginia Beach, VA | 10.29.22",https://papadosio.bandcamp.com/album/elevation-27-virginia-beach-va-102922
"The Queen | Wilmington, DE | 10.28.22",https://papadosio.bandcamp.com/album/the-queen-wilmington-de-102822
"The Midway | San Fransisco, CA | 10.15.22",https://papadosio.bandcamp.com/album/the-midway-san-fransisco-ca-101522
"The Stone House | Nevada City, CA | 10.14.22",https://papadosio.bandcamp.com/album/the-stone-house-nevada-city-ca-101422
"Cypress | Reno, NV | 10.13.22",https://papadosio.bandcamp.com/album/cypress-reno-nv-101322
"The Big Dirty | Eugene, OR | 10.9.22",https://papadosio.bandcamp.com/album/the-big-dirty-eugene-or-10922
"The Star Theater | Portland, OR | 10.8.22",https://papadosio.bandcamp.com/album/the-star-theater-portland-or-10822
"The Crocodile | Seattle, WA | 10.7.22",https://papadosio.bandcamp.com/album/the-crocodile-seattle-wa-10722
Papadosio and Friends Improv Set | Secret Dreams Festival | 9.19.22,https://papadosio.bandcamp.com/album/papadosio-and-friends-improv-set-secret-dreams-festival-91922
Papadosio Arcade | Secret Dreams Festival | 9.18.22,https://papadosio.bandcamp.com/album/papadosio-arcade-secret-dreams-festival-91822-2
"Subterranea | Pelham, TN | 8.05.22",https://papadosio.bandcamp.com/album/subterranea-pelham-tn-80522
"Subterranea | Pelham, TN | 8.06.22",https://papadosio.bandcamp.com/album/subterranea-pelham-tn-80622
"Okeechobee Music Festival | Okeechobee, FL | 3.5.22",https://papadosio.bandcamp.com/album/okeechobee-music-festival-okeechobee-fl-3522
"Brooklyn Bowl | Philadelphia, PA | 2.18.22",https://papadosio.bandcamp.com/album/brooklyn-bowl-philadelphia-pa-21822
"Empire Garage | Austin, TX | 1.29.22",https://papadosio.bandcamp.com/album/empire-garage-austin-tx-12922
"Empire Garage | Austin, TX | 1.28.22",https://papadosio.bandcamp.com/album/empire-garage-austin-tx-12822-2
"Deep Ellum Art Co. | Dallas, TX | 1.27.22",https://papadosio.bandcamp.com/album/deep-ellum-art-co-dallas-tx-12722
"Last Concert Cafe | Houston, TX | 1.26.22",https://papadosio.bandcamp.com/album/last-concert-cafe-houston-tx-12622
"12.30.21 | The Bluestone | Columbus, OH",https://papadosio.bandcamp.com/album/123021-the-bluestone-columbus-oh
"12.31.21 | The Bluestone | Columbus, OH",https://papadosio.bandcamp.com/album/123121-the-bluestone-columbus-oh
"9.18.21 | Resonance Festival | Masontown, WV",https://papadosio.bandcamp.com/album/91821-resonance-festival-masontown-wv
"9.17.21 | Resonance Festival | Masontown, WV",https://papadosio.bandcamp.com/album/91721-resonance-festival-masontown-wv
"9.16.21 | Resonance Festival | Masontown, WV",https://papadosio.bandcamp.com/album/91621-resonance-festival-masontown-wv
"8.28.21 | Backwoods Festival | Mulberry Mountain, AR",https://papadosio.bandcamp.com/album/82821-backwoods-festival-mulberry-mountain-ar
"8.7.21 | The Caverns | Pelham, TN",https://papadosio.bandcamp.com/album/8721-the-caverns-pelham-tn
"7.24.21 | The Werk Out | Legend Valley, OH - Set 3",https://papadosio.bandcamp.com/album/72421-the-werk-out-legend-valley-oh-set-3
"7.23.21 | The Werk Out | Legend Valley, OH - Set 2",https://papadosio.bandcamp.com/album/72321-the-werk-out-legend-valley-oh-set-2
"7.23.21 | The Werk Out | Legend Valley, OH - Set 1",https://papadosio.bandcamp.com/album/72321-the-werk-out-legend-valley-oh-set-1
"6.26.21 | The Roxy | Atlanta, GA",https://papadosio.bandcamp.com/album/62621-the-roxy-atlanta-ga
"6.25.21 | The Roxy | Atlanta, GA",https://papadosio.bandcamp.com/album/62521-the-roxy-atlanta-ga
"6.2.21 | Red Rocks Amphitheatre | Morrison, CO",https://papadosio.bandcamp.com/album/6221-red-rocks-amphitheatre-morrison-co
"5.23.21 | Resonate Festival | Suwannee, FL",https://papadosio.bandcamp.com/album/52321-resonate-festival-suwannee-fl
"5.21.21 | Resonate Festival | Suwannee, FL",https://papadosio.bandcamp.com/album/52121-resonate-festival-suwannee-fl
"4.10.21 | Smoky Mountain Event Center | Waynesville, NC",https://papadosio.bandcamp.com/album/41021-smoky-mountain-event-center-waynesville-nc
"4.9.21 | Smoky Mountain Event Center | Waynesville, NC",https://papadosio.bandcamp.com/album/4921-smoky-mountain-event-center-waynesville-nc
"12.19.20 | Holidosio Acoustic Set | Asheville, NC",https://papadosio.bandcamp.com/album/121920-holidosio-acoustic-set-asheville-nc
"12.18.20 | Holidosio Improv Set | Asheville, NC",https://papadosio.bandcamp.com/album/121820-holidosio-improv-set-asheville-nc
"12.17.20 | Holidosio Original Set | Asheville, NC",https://papadosio.bandcamp.com/album/121720-holidosio-original-set-asheville-nc
"10.10.20 | Smoky Mountain Event Center | Waynesville, NC",https://papadosio.bandcamp.com/album/101020-smoky-mountain-event-center-waynesville-nc
"10.9.20 | Smoky Mountain Event Center | Waynesville, NC",https://papadosio.bandcamp.com/album/10920-smoky-mountain-event-center-waynesville-nc
"3.11.20 | Brooklyn Bowl | Brooklyn, NY",https://papadosio.bandcamp.com/album/31120-brooklyn-bowl-brooklyn-ny
"3.6.20 | Okeechobee Music Festival | Okeechobee, FL",https://papadosio.bandcamp.com/album/3620-okeechobee-music-festival-okeechobee-fl
"2.15.20 | Miramar Theater | Milwaukee, WI",https://papadosio.bandcamp.com/album/21520-miramar-theater-milwaukee-wi
"2.14.20 | Miramar Theatre | Milwaukee, WI",https://papadosio.bandcamp.com/album/21420-miramar-theatre-milwaukee-wi
2.8.20 | Snowsio | 10 Mile Music Hall | Pink Floyd Vs Led Zeppelin Ft. Eminence Ensemble & Joel Cummins,https://papadosio.bandcamp.com/album/2820-snowsio-10-mile-music-hall-pink-floyd-vs-led-zeppelin-ft-eminence-ensemble-joel-cummins
"2.7.20 | Snowsio | 10 Mile Music Hall | Frisco, CO (Set 2)",https://papadosio.bandcamp.com/album/2720-snowsio-10-mile-music-hall-frisco-co-set-2
"2.8.20 | Snowsio | 10 Mile Music Hall | Frisco, CO (Set1)",https://papadosio.bandcamp.com/album/2820-snowsio-10-mile-music-hall-frisco-co-set1
"2.7.20 | Snowsio | 10 Mile Music Hall | Frisco, CO (Set 1)",https://papadosio.bandcamp.com/album/2720-snowsio-10-mile-music-hall-frisco-co-set-1
"1.11.20 | Sheridan Opera House Night 2 | Telluride, CO",https://papadosio.bandcamp.com/album/11120-sheridan-opera-house-night-2-telluride-co
"1.10.20 | Sheridan Opera House Night 1 | Telluride, CO",https://papadosio.bandcamp.com/album/11020-sheridan-opera-house-night-1-telluride-co
"1.8.20 | Belly Up | Aspen, CO",https://papadosio.bandcamp.com/album/1820-belly-up-aspen-co
"12.31.19 | Bluestone Night 2 | Columbus, OH",https://papadosio.bandcamp.com/album/123119-bluestone-night-2-columbus-oh
"12.30.19 | Bluestone Night 1 | Columbus, OH",https://papadosio.bandcamp.com/album/123019-bluestone-night-1-columbus-oh
"12.28.19 | Holidosio Night 2 | Isis Music Hall | Asheville, NC",https://papadosio.bandcamp.com/album/122819-holidosio-night-2-isis-music-hall-asheville-nc
"12.27.19 | Holidosio Night 1 | Isis Music Hall | Asheville, NC",https://papadosio.bandcamp.com/album/122719-holidosio-night-1-isis-music-hall-asheville-nc
"11.30.19 | Magic Stick | Detroit, MI",https://papadosio.bandcamp.com/album/113019-magic-stick-detroit-mi
"11.29.19 | Magic Stick | Detroit, MI",https://papadosio.bandcamp.com/album/112919-magic-stick-detroit-mi
"11.23.19 | The Visulite | Charlotte, NC",https://papadosio.bandcamp.com/album/112319-the-visulite-charlotte-nc
"11.22.19 | The Visulite | Charlotte, NC",https://papadosio.bandcamp.com/album/112219-the-visulite-charlotte-nc
"11.16.19 | Deep Ellum Art CO | Dallas, TX",https://papadosio.bandcamp.com/album/111619-deep-ellum-art-co-dallas-tx
"11.15.19 | Empire Control Room & Garage | Austin, TX",https://papadosio.bandcamp.com/album/111519-empire-control-room-garage-austin-tx
"11.9.19 | Basement East | Nashville, TN",https://papadosio.bandcamp.com/album/11919-basement-east-nashville-tn
"11.8.19 | Basement East | Nashville, TN",https://papadosio.bandcamp.com/album/11819-basement-east-nashville-tn
"11.2.19 | House of Blues | Cleveland, OH",https://papadosio.bandcamp.com/album/11219-house-of-blues-cleveland-oh
"11.1.19 | Fall Freaquence | Egyptian Room | Indianapolis, IN",https://papadosio.bandcamp.com/album/11119-fall-freaquence-egyptian-room-indianapolis-in
"10.31.19 | Headliners Music Hall | Louisville, KY",https://papadosio.bandcamp.com/album/103119-headliners-music-hall-louisville-ky
"10.18.19 | Summit Music Hall | Denver, CO",https://papadosio.bandcamp.com/album/101819-summit-music-hall-denver-co
"10.19.19 | Summit Music Hall | Denver, CO",https://papadosio.bandcamp.com/album/101919-summit-music-hall-denver-co
"10.4.19 | The Backyard Stage | St. Augustine, FL",https://papadosio.bandcamp.com/album/10419-the-backyard-stage-st-augustine-fl
"9.22.19 | Resonance Music & Arts Festival | Slippery Rock, PA",https://papadosio.bandcamp.com/album/92219-resonance-music-arts-festival-slippery-rock-pa
"9.20.19 | Resonance Music & Arts Festival | Slippery Rock, PA",https://papadosio.bandcamp.com/album/92019-resonance-music-arts-festival-slippery-rock-pa-2
"9.20.19 | Resonance Music & Arts Festival | Slippery Rock, PA",https://papadosio.bandcamp.com/album/92019-resonance-music-arts-festival-slippery-rock-pa
"9.19.19 | Resonance Music & Arts Festival | Slippery Rock, PA",https://papadosio.bandcamp.com/album/91919-resonance-music-arts-festival-slippery-rock-pa
"8.24.19 | Revolution Live | Fort Lauderdale, FL",https://papadosio.bandcamp.com/album/82419-revolution-live-fort-lauderdale-fl
"8.23.19 | Jannus Live | St. Petersburg, FL",https://papadosio.bandcamp.com/album/82319-jannus-live-st-petersburg-fl
"8.17.19 | Terminal West | Atlanta, GA",https://papadosio.bandcamp.com/album/81719-terminal-west-atlanta-ga
"8.16.19 | Terminal West | Atlanta, GA",https://papadosio.bandcamp.com/album/81619-terminal-west-atlanta-ga
"8.10.19 | The Caverns | Pelham, TN",https://papadosio.bandcamp.com/album/81019-the-caverns-pelham-tn
"6.28.19 | Cosmic Charlies | Lexington, KY",https://papadosio.bandcamp.com/album/62819-cosmic-charlies-lexington-ky
"6.29.19 | Cosmic Charlies | Lexington, KY",https://papadosio.bandcamp.com/album/62919-cosmic-charlies-lexington-ky
"6.1.19 | Summer Seequence | Pisgah Brewing Company | Black Mountain, NC",https://papadosio.bandcamp.com/album/6119-summer-seequence-pisgah-brewing-company-black-mountain-nc
"5.30.19 | Branch Fest | Newport, ME",https://papadosio.bandcamp.com/album/53019-branch-fest-newport-me
5.24.19 | Summercamp Music Festival | Red Barn Late Night,https://papadosio.bandcamp.com/album/52419-summercamp-music-festival-red-barn-late-night
"5.11.19 | Red Rocks Ampitheatre | Morrison, CO",https://papadosio.bandcamp.com/album/51119-red-rocks-ampitheatre-morrison-co
"4.27.19 | Soundstage | Baltimore, MD",https://papadosio.bandcamp.com/album/42719-soundstage-baltimore-md
"4.26.19 | Asbury Lanes | Asbury Park, NJ",https://papadosio.bandcamp.com/album/42619-asbury-lanes-asbury-park-nj
"4.25.19 | The Sinclair | Boston, MA",https://papadosio.bandcamp.com/album/42519-the-sinclair-boston-ma
"4.24.19 | Gateway City Arts | Holyoke, MA",https://papadosio.bandcamp.com/album/42419-gateway-city-arts-holyoke-ma
"4.20.19 | Theatre of Living Arts | Philadelphia, PA",https://papadosio.bandcamp.com/album/42019-theatre-of-living-arts-philadelphia-pa
"4.19.19 | Town Ballroom | Buffalo, NY",https://papadosio.bandcamp.com/album/41919-town-ballroom-buffalo-ny
"4.18.19 | The Haunt | Ithaca, NY",https://papadosio.bandcamp.com/album/41819-the-haunt-ithaca-ny
"4.17.19 | Westcott Theater | Syracuse, NY",https://papadosio.bandcamp.com/album/41719-westcott-theater-syracuse-ny
"4.14.19 | The National | Richmond, VA",https://papadosio.bandcamp.com/album/41419-the-national-richmond-va
"4.13.19 | Brooklyn Bowl | Brooklyn, NY",https://papadosio.bandcamp.com/album/41319-brooklyn-bowl-brooklyn-ny
"4.12.19 | Brooklyn Bowl | Brooklyn , NY",https://papadosio.bandcamp.com/album/41219-brooklyn-bowl-brooklyn-ny
"4.11.19 | Club XL Live | Harrisburg, PA",https://papadosio.bandcamp.com/album/41119-club-xl-live-harrisburg-pa
"4.10.19 | Elevation 27 | Virginia Beach, VA",https://papadosio.bandcamp.com/album/41019-elevation-27-virginia-beach-va
"3.16.19 | Madison Theater | Covington, KY",https://papadosio.bandcamp.com/album/31619-madison-theater-covington-ky
"3.15.19 | Madison Theater | Covington, KY",https://papadosio.bandcamp.com/album/31519-madison-theater-covington-ky
"2.16.19 | Funk Fest | Punta Gorda, FL",https://papadosio.bandcamp.com/album/21619-funk-fest-punta-gorda-fl
"2.15.19 | Vinyl Music Hall | Pensacola, FL",https://papadosio.bandcamp.com/album/21519-vinyl-music-hall-pensacola-fl
"2.14.19 | Workplay Theatre | Birmingham, AL",https://papadosio.bandcamp.com/album/21419-workplay-theatre-birmingham-al
"1.31.19 | Mesa Theatre | Grand Junction, CO",https://papadosio.bandcamp.com/album/13119-mesa-theatre-grand-junction-co
"1.26.19 | Old Town Pub | Steamboat, CO",https://papadosio.bandcamp.com/album/12619-old-town-pub-steamboat-co
"1.25.19 | Old Town Pub | Steamboat, CO",https://papadosio.bandcamp.com/album/12519-old-town-pub-steamboat-co
"1.24.19 | The Aggie | Fort Collins, CO",https://papadosio.bandcamp.com/album/12419-the-aggie-fort-collins-co
"1.20.19 | Sheridan Opera House | Telluride, CO",https://papadosio.bandcamp.com/album/12019-sheridan-opera-house-telluride-co
"1.19.19 | Animas City Theatre | Durango, CO",https://papadosio.bandcamp.com/album/11919-animas-city-theatre-durango-co
"1.18.19 | Animas City Theatre | Durango, CO",https://papadosio.bandcamp.com/album/11819-animas-city-theatre-durango-co
"12.31.18 | Marathon Music Works | Nashville, TN",https://papadosio.bandcamp.com/album/123118-marathon-music-works-nashville-tn
"12.30.18 | City Winery | Nashville, TN",https://papadosio.bandcamp.com/album/123018-city-winery-nashville-tn
"12.29.19 | Georgia Theatre | Athens, GA",https://papadosio.bandcamp.com/album/122919-georgia-theatre-athens-ga
"11.24.18 | The Rex Theatre | Pittsburgh, PA",https://papadosio.bandcamp.com/album/112418-the-rex-theatre-pittsburgh-pa
"11.23.18 | Newport Music Hall | Columbus, OH",https://papadosio.bandcamp.com/album/112318-newport-music-hall-columbus-oh
"11.10.18 | 9:30 Club | Washington, DC",https://papadosio.bandcamp.com/album/111018-9-30-club-washington-dc
"11.3.18 | Majestic Theatre | Madison, WI",https://papadosio.bandcamp.com/album/11318-majestic-theatre-madison-wi
"11.9.18 | The Underground | Charlotte, NC",https://papadosio.bandcamp.com/album/11918-the-underground-charlotte-nc
"11.8.18 | Lincoln Theatre | Raleigh, NC",https://papadosio.bandcamp.com/album/11818-lincoln-theatre-raleigh-nc
"11.1.18 | Cain's Ballroom | Tulsa, OK",https://papadosio.bandcamp.com/album/11118-cains-ballroom-tulsa-ok
11.2.18 | Bourbon Theatre | Lincoln Nebraska,https://papadosio.bandcamp.com/album/11218-bourbon-theatre-lincoln-nebraska
"10.31.18 | George's Majestic | Fayettville, AR",https://papadosio.bandcamp.com/album/103118-georges-majestic-fayettville-ar
"10.21.18 | Wild Buffalo | Bellingham, WA",https://papadosio.bandcamp.com/album/102118-wild-buffalo-bellingham-wa
"10.27.18 | Fall Freaquence | Denver, CO",https://papadosio.bandcamp.com/album/102718-fall-freaquence-denver-co
"10.20.18 | Star Theater | Portland, OR",https://papadosio.bandcamp.com/album/102018-star-theater-portland-or
"10.19.18 | Nuemo's | Seattle, WA",https://papadosio.bandcamp.com/album/101918-nuemos-seattle-wa
"10.18.18 | Hifi Music Hall | Eugene, OR",https://papadosio.bandcamp.com/album/101818-hifi-music-hall-eugene-or
"10.17.18 | Arcata Theatre | Arcata, CA",https://papadosio.bandcamp.com/album/101718-arcata-theatre-arcata-ca
"10.14.18 | Mystic Theatre | Petaluma, CA",https://papadosio.bandcamp.com/album/101418-mystic-theatre-petaluma-ca
"10.13.18 | Great American Music Hall | San Francisco, CA",https://papadosio.bandcamp.com/album/101318-great-american-music-hall-san-francisco-ca
"10.12.18 | Lodge Room | Los Angeles, CA",https://papadosio.bandcamp.com/album/101218-lodge-room-los-angeles-ca
"10.11.18 | Music Box | San Diego, CA",https://papadosio.bandcamp.com/album/101118-music-box-san-diego-ca
"10.10.18 | The Orpheum | Flagstaff, AZ",https://papadosio.bandcamp.com/album/101018-the-orpheum-flagstaff-az
"10.9.18 | Meow Wolf | Santa Fe, NM",https://papadosio.bandcamp.com/album/10918-meow-wolf-santa-fe-nm
"10.6.18 | Sacred Vibrations | Shepard, MI",https://papadosio.bandcamp.com/album/10618-sacred-vibrations-shepard-mi
"10.5.18 | The Big Weekend | Chicago, IL",https://papadosio.bandcamp.com/album/10518-the-big-weekend-chicago-il
"9.23.18 | Resonance Music Festival | Thornville, OH",https://papadosio.bandcamp.com/album/92318-resonance-music-festival-thornville-oh-2
"9.22.18 | Resonance Music Festival | Thornville, OH",https://papadosio.bandcamp.com/album/92218-resonance-music-festival-thornville-oh
"9.21.18 | Resonance Music Festival | Thornville, OH",https://papadosio.bandcamp.com/album/92118-resonance-music-festival-thornville-oh
"9.20.18 | Resonance Music Festival | Thornville, OH",https://papadosio.bandcamp.com/album/92018-resonance-music-festival-thornville-oh
"9.15.18 | Variety Playhouse | Atlanta, GA",https://papadosio.bandcamp.com/album/91518-variety-playhouse-atlanta-ga
"9.14.18 | Variety Playhouse | Atlanta, GA",https://papadosio.bandcamp.com/album/91418-variety-playhouse-atlanta-ga
"9.2.18 | The Senate | Columbia, SC",https://papadosio.bandcamp.com/album/9218-the-senate-columbia-sc
"9.1.18 | The Blind Tiger | Greensboro, NC",https://papadosio.bandcamp.com/album/9118-the-blind-tiger-greensboro-nc
"8.30.18 | Druid City | Tuscaloosa, AL",https://papadosio.bandcamp.com/album/83018-druid-city-tuscaloosa-al
"8.31.18 | Mill and Mine | Knoxville, TN",https://papadosio.bandcamp.com/album/83118-mill-and-mine-knoxville-tn
"8.29.18 | Varsity Theatre | Baton Rouge, LA",https://papadosio.bandcamp.com/album/82918-varsity-theatre-baton-rouge-la
"8.25.18 | Trees | Dallas, TX",https://papadosio.bandcamp.com/album/82518-trees-dallas-tx
"8.24.18 | The Mohawk | Austin, TX",https://papadosio.bandcamp.com/album/82418-the-mohawk-austin-tx
"8.23.18 | Last Concert Cafe | Houston, TX",https://papadosio.bandcamp.com/album/82318-last-concert-cafe-houston-tx
"7.15.18 | Great South Bay Music Festival | Patchogue, NY",https://papadosio.bandcamp.com/album/71518-great-south-bay-music-festival-patchogue-ny
"7.14.18 | Camp Bisco | Scranton, PA",https://papadosio.bandcamp.com/album/71418-camp-bisco-scranton-pa
"6.9.18 | Music Farm | Charleston, SC",https://papadosio.bandcamp.com/album/6918-music-farm-charleston-sc
"6.8.18 | Music Farm | Charleston, SC",https://papadosio.bandcamp.com/album/6818-music-farm-charleston-sc
"6.7.18 | the Firmament | Greenville, SC",https://papadosio.bandcamp.com/album/6718-the-firmament-greenville-sc
"5.26.18 | Summercamp Music Festival | Chillicothe, IL",https://papadosio.bandcamp.com/album/52618-summercamp-music-festival-chillicothe-il
"4.28.18 | The Vogue | Indianapolis, IN",https://papadosio.bandcamp.com/album/42818-the-vogue-indianapolis-in
"4.27.18 | Mercury Ballroom | Louisville, KY",https://papadosio.bandcamp.com/album/42718-mercury-ballroom-louisville-ky
"4.26.18 | Manchester Music Hall | Lexington, KY",https://papadosio.bandcamp.com/album/42618-manchester-music-hall-lexington-ky
"4.25.18 | The Signal | Chattanooga, TN",https://papadosio.bandcamp.com/album/42518-the-signal-chattanooga-tn
"4.22.18 | Sweetwater 420 | Atlanta, GA",https://papadosio.bandcamp.com/album/42218-sweetwater-420-atlanta-ga
"4.21.18 | Tulane Crawfest | New Orleans, LA",https://papadosio.bandcamp.com/album/42118-tulane-crawfest-new-orleans-la
"4.20.18 | Backwoods Festival | Ozark, AR",https://papadosio.bandcamp.com/album/42018-backwoods-festival-ozark-ar
"4.19.18 | The Granada | Lawrence, KS",https://papadosio.bandcamp.com/album/41918-the-granada-lawrence-ks
"4.18.18 | Wooly's | Des Moines, IA",https://papadosio.bandcamp.com/album/41818-woolys-des-moines-ia
"4.14.18 | Skyway Theater | Minneapolis, MN",https://papadosio.bandcamp.com/album/41418-skyway-theater-minneapolis-mn
"4.13.18 | The Miramar Theatre | Milwaukee, WI",https://papadosio.bandcamp.com/album/41318-the-miramar-theatre-milwaukee-wi
"4.12.18 | The Canopy Club | Urbana, IL",https://papadosio.bandcamp.com/album/41218-the-canopy-club-urbana-il
"4.11.18 | Delmar Hall | St. Louis, MO",https://papadosio.bandcamp.com/album/41118-delmar-hall-st-louis-mo
"4.10.18 | Martin's | Jackson, MS",https://papadosio.bandcamp.com/album/41018-martins-jackson-ms
"4.7.18. The Orange Peel | Asheville, NC",https://papadosio.bandcamp.com/album/4718-the-orange-peel-asheville-nc
"4.6.18 | The Orange Peel | Asheville, NC",https://papadosio.bandcamp.com/album/4618-the-orange-peel-asheville-nc
"3.24.18 | The National | Richmond, VA",https://papadosio.bandcamp.com/album/32418-the-national-richmond-va
"3.23.18 | The Norva | Norfolk, VA",https://papadosio.bandcamp.com/album/32318-the-norva-norfolk-va
"3.17.18 | Elevation at the Intersection | Grand Rapids, MI",https://papadosio.bandcamp.com/album/31718-elevation-at-the-intersection-grand-rapids-mi
"3.16.18 | St. Andrews Hall | Detroit, MI",https://papadosio.bandcamp.com/album/31618-st-andrews-hall-detroit-mi
"2.17.18 | The Sinclair | Cambridge, MA",https://papadosio.bandcamp.com/album/21718-the-sinclair-cambridge-ma
"2.16.18 | The Sinclair | Cambridge, MA",https://papadosio.bandcamp.com/album/21618-the-sinclair-cambridge-ma
"2.15.18 | Westcott Theater | Syracuse, NY",https://papadosio.bandcamp.com/album/21518-westcott-theater-syracuse-ny
"2.14.18 | Higher Ground | Burlington, VT",https://papadosio.bandcamp.com/album/21418-higher-ground-burlington-vt
"2.13.18 | Port City Music Hall | Portland, ME",https://papadosio.bandcamp.com/album/21318-port-city-music-hall-portland-me
"2.11.18 | Toad's Place | New Haven, CT",https://papadosio.bandcamp.com/album/21118-toads-place-new-haven-ct
"2.10.18 | Brooklyn Bowl | Brooklyn, NY",https://papadosio.bandcamp.com/album/21018-brooklyn-bowl-brooklyn-ny
"2.9.18 | Brooklyn Bowl | Brooklyn, NY",https://papadosio.bandcamp.com/album/2918-brooklyn-bowl-brooklyn-ny
"2.8.18 | The Stone Pony | Asbury Park, NJ",https://papadosio.bandcamp.com/album/2818-the-stone-pony-asbury-park-nj
"2.7.18 | Theater of Living Arts | Philadelphia, PA",https://papadosio.bandcamp.com/album/2718-theater-of-living-arts-philadelphia-pa
"2.4.18 | Fractal Beach | Virginia Key Beach Park, FL",https://papadosio.bandcamp.com/album/2418-fractal-beach-virginia-key-beach-park-fl
"2.3.18 | Winter Werkout Night 2 | Columbus, OH",https://papadosio.bandcamp.com/album/2318-winter-werkout-night-2-columbus-oh
"2.2.18 | Winter Werkout Night 1 | Columbus, OH",https://papadosio.bandcamp.com/album/2218-winter-werkout-night-1-columbus-oh
"1.27.18 | Gem & Jam | Tucson, AZ",https://papadosio.bandcamp.com/album/12718-gem-jam-tucson-az
"12.31.17 | Marathon Music Works | Nashville, TN",https://papadosio.bandcamp.com/album/123117-marathon-music-works-nashville-tn
"12.30.17 | EXIT/IN | Nashville, TN",https://papadosio.bandcamp.com/album/123017-exit-in-nashville-tn
"12.16.17 | Concord Music Hall | Chicago,IL",https://papadosio.bandcamp.com/album/121617-concord-music-hall-chicago-il
"12.15.17 | Lincoln Hall | Chicago, IL",https://papadosio.bandcamp.com/album/121517-lincoln-hall-chicago-il
"10.25.17 | The State Room | Salt Lake City, UT",https://papadosio.bandcamp.com/album/102517-the-state-room-salt-lake-city-ut
"10.29.17 | The Aggie | Fort Collins, CO",https://papadosio.bandcamp.com/album/102917-the-aggie-fort-collins-co
"10.28.17 | Boulder Theater | Boulder, CO",https://papadosio.bandcamp.com/album/102817-boulder-theater-boulder-co
"10.27.17 | Boulder Theater | Boulder, CO",https://papadosio.bandcamp.com/album/102717-boulder-theater-boulder-co
"10.26.17 | The Belly Up | Aspen, CO",https://papadosio.bandcamp.com/album/102617-the-belly-up-aspen-co
"10.21.17 | Nectar Lounge | Seattle, WA",https://papadosio.bandcamp.com/album/102117-nectar-lounge-seattle-wa
"10.20.17 | HIFI Music Hall | Eugene, OR",https://papadosio.bandcamp.com/album/102017-hifi-music-hall-eugene-or
"10.19.17 | Star Theater | Portland, OR",https://papadosio.bandcamp.com/album/101917-star-theater-portland-or
"10.18.17 | The Domino Room | Bend, OR",https://papadosio.bandcamp.com/album/101817-the-domino-room-bend-or
"10.15.17 | The Armory | Ashland, OR",https://papadosio.bandcamp.com/album/101517-the-armory-ashland-or
"10.14.17 | The Arcata Theatre | Arcata, CA",https://papadosio.bandcamp.com/album/101417-the-arcata-theatre-arcata-ca
"10.12.17 | The Music Box | San Diego, CA",https://papadosio.bandcamp.com/album/101217-the-music-box-san-diego-ca
"10.11.17 | The Marquee | Tempe, AZ",https://papadosio.bandcamp.com/album/101117-the-marquee-tempe-az
"10.7.17 | George's Majestic | Fayetteville, AR",https://papadosio.bandcamp.com/album/10717-georges-majestic-fayetteville-ar
"10.6.17 | The Granada | Dallas, TX",https://papadosio.bandcamp.com/album/10617-the-granada-dallas-tx
"10.5.17 | The Mohawk | Austin, TX",https://papadosio.bandcamp.com/album/10517-the-mohawk-austin-tx
"10.3.17 | The Varsity Theatre | Baton Rouge, LA",https://papadosio.bandcamp.com/album/10317-the-varsity-theatre-baton-rouge-la
"10.1.17 | Tenn Nightclub | Tallahassee, FL",https://papadosio.bandcamp.com/album/10117-tenn-nightclub-tallahassee-fl
"10.4.17 | Last Concert Cafe | Houston, TX",https://papadosio.bandcamp.com/album/10417-last-concert-cafe-houston-tx
"9.30.17 | The State Theater | St. Petersburg, FL",https://papadosio.bandcamp.com/album/93017-the-state-theater-st-petersburg-fl
"9.29.17 | The Culture Room | Fort Lauderdale, FL",https://papadosio.bandcamp.com/album/92917-the-culture-room-fort-lauderdale-fl
"9.28.17 | The Plaza Live | Orlando, FL",https://papadosio.bandcamp.com/album/92817-the-plaza-live-orlando-fl
"9.27.17 | The High Dive | Gainesville, FL",https://papadosio.bandcamp.com/album/92717-the-high-dive-gainesville-fl
9.23.17 | Resonance Festival | Electric Set,https://papadosio.bandcamp.com/album/92317-resonance-festival-electric-set
9.23.17 | Resonance Festival | Acoustic Set,https://papadosio.bandcamp.com/album/92317-resonance-festival-acoustic-set
"9.22.17 | Resonance Festival | Thornville, OH",https://papadosio.bandcamp.com/album/92217-resonance-festival-thornville-oh
"9.21.17 | Resonance Festival | Thornville, OH",https://papadosio.bandcamp.com/album/92117-resonance-festival-thornville-oh
"8.26.17 | Night Lights Festival | Sherman, NY",https://papadosio.bandcamp.com/album/82617-night-lights-festival-sherman-ny
"8.19.17 | Global Eclipse Gathering | Big Summit Prairie, OR",https://papadosio.bandcamp.com/album/81917-global-eclipse-gathering-big-summit-prairie-or
"8.12.17 | Peach Music Festival | Scranton, PA",https://papadosio.bandcamp.com/album/81217-peach-music-festival-scranton-pa
"8.11.17 | Wild Woods Festival | Croydon, NH",https://papadosio.bandcamp.com/album/81117-wild-woods-festival-croydon-nh
"7.15.17 | Summer Seequence | Black Mountain, NC",https://papadosio.bandcamp.com/album/71517-summer-seequence-black-mountain-nc
"6.29.17 | Electric Forest Festival | Rothbury, MI",https://papadosio.bandcamp.com/album/62917-electric-forest-festival-rothbury-mi-2
"6.25.17 | Electric Forest Festival | Rothbury, MI",https://papadosio.bandcamp.com/album/62517-electric-forest-festival-rothbury-mi
"6.18.17 | Sonic Bloom | Rye, CO",https://papadosio.bandcamp.com/album/61817-sonic-bloom-rye-co
"6.16.17 | The Mad Tea Party Jam | Artemas, PA",https://papadosio.bandcamp.com/album/61617-the-mad-tea-party-jam-artemas-pa
"6.15.17 | The Mad Tea Party Jam | Artemas, PA",https://papadosio.bandcamp.com/album/61517-the-mad-tea-party-jam-artemas-pa
"5.6.17 | Red Rocks Amphitheater | Morrison, CO",https://papadosio.bandcamp.com/album/5617-red-rocks-amphitheater-morrison-co
"4.29.17 | Resonance Reconstructed | Covington, KY",https://papadosio.bandcamp.com/album/42917-resonance-reconstructed-covington-ky
"4.28.17 | Resonance Reconstructed | Covington, KY",https://papadosio.bandcamp.com/album/42817-resonance-reconstructed-covington-ky
"4.21.17 | Wanee Festival | Live Oak, FL",https://papadosio.bandcamp.com/album/42117-wanee-festival-live-oak-fl
"4.19.17 | Bicycle Day | San Francisco, CA",https://papadosio.bandcamp.com/album/41917-bicycle-day-san-francisco-ca
"4.8.17 | Euphoria Music Festival | Austin, TX",https://papadosio.bandcamp.com/album/4817-euphoria-music-festival-austin-tx
"4.7.17 | Tipitina's | New Orleans, LA",https://papadosio.bandcamp.com/album/4717-tipitinas-new-orleans-la
"4.6.17 | Martin's | Jackson, MS",https://papadosio.bandcamp.com/album/4617-martins-jackson-ms
"4.5.17 | Workplay Theater | Birmingham, AL",https://papadosio.bandcamp.com/album/4517-workplay-theater-birmingham-al
"4.2.17 | The Boathouse | Myrtle Beach, SC",https://papadosio.bandcamp.com/album/4217-the-boathouse-myrtle-beach-sc
"4.1.17 | Light City Baltimore | Baltimore, MD",https://papadosio.bandcamp.com/album/4117-light-city-baltimore-baltimore-md
"3.12.17 | The Majestic | Madison, WI",https://papadosio.bandcamp.com/album/31217-the-majestic-madison-wi
"3.11.17 | The Miramar Theatre | Milwaukee, WI",https://papadosio.bandcamp.com/album/31117-the-miramar-theatre-milwaukee-wi
"3.10.17 | Skyway Theatre | Minneapolis, MN",https://papadosio.bandcamp.com/album/31017-skyway-theatre-minneapolis-mn
"3.9.17 | Gabes | Iowa City, IA",https://papadosio.bandcamp.com/album/3917-gabes-iowa-city-ia
"3.8.17 | The Granada | Lawrence, KS",https://papadosio.bandcamp.com/album/3817-the-granada-lawrence-ks
"3.7.17 | George's Majestic | Fayetteville, AR",https://papadosio.bandcamp.com/album/3717-georges-majestic-fayetteville-ar
"3.5.17 | 2720 Cherokee | St. Louis, MO",https://papadosio.bandcamp.com/album/3517-2720-cherokee-st-louis-mo
"3.4.17 | Canopy Club | Urbana, IL",https://papadosio.bandcamp.com/album/3417-canopy-club-urbana-il
"3.3.17 | The Vogue | Indianapolis, IN",https://papadosio.bandcamp.com/album/3317-the-vogue-indianapolis-in
"3.2.17 | Headliners Music Hall | Louisville, KY",https://papadosio.bandcamp.com/album/3217-headliners-music-hall-louisville-ky
"2.18.17 | Variety Playhouse | Atlanta, GA",https://papadosio.bandcamp.com/album/21817-variety-playhouse-atlanta-ga
"2.17.17 | Variety Playhouse | Atlanta, GA",https://papadosio.bandcamp.com/album/21717-variety-playhouse-atlanta-ga
"2.16.17 | Cox Capital Theatre | Macon, GA",https://papadosio.bandcamp.com/album/21617-cox-capital-theatre-macon-ga
"2.11.17 | Cosmic Charlie's | Lexington, KY",https://papadosio.bandcamp.com/album/21117-cosmic-charlies-lexington-ky-2
"2.10.17 | The International | Knoxville, TN",https://papadosio.bandcamp.com/album/21017-the-international-knoxville-tn
"2.9.17 | Jefferson Theatre | Charlottesville, VA",https://papadosio.bandcamp.com/album/2917-jefferson-theatre-charlottesville-va
"2.8.17 | Cats Cradle | Carrboro, NC",https://papadosio.bandcamp.com/album/2817-cats-cradle-carrboro-nc
"2.4.17 | Mercy Lounge | Nashville, TN",https://papadosio.bandcamp.com/album/2417-mercy-lounge-nashville-tn
"2.3.17 | Revelry Room | Chattanooga, TN",https://papadosio.bandcamp.com/album/2317-revelry-room-chattanooga-tn
"2.2.17 | The Underground | Charlotte, NC",https://papadosio.bandcamp.com/album/2217-the-underground-charlotte-nc
"12.30.16 | The Orange Peel | Asheville, NC",https://papadosio.bandcamp.com/album/123016-the-orange-peel-asheville-nc
"Earth Night 2016 - Acoustic Set - Columbus, OH",https://papadosio.bandcamp.com/album/earth-night-2016-acoustic-set-columbus-oh
"Earth Night 2016 - Live PA Set - Columbus, OH",https://papadosio.bandcamp.com/album/earth-night-2016-live-pa-set-columbus-oh
"Earth Night 2016 - 12.10.16 - Denver, CO",https://papadosio.bandcamp.com/album/earth-night-2016-121016-denver-co
"Earth Night 2016 - Live PA - Denver, CO",https://papadosio.bandcamp.com/album/earth-night-2016-live-pa-denver-co
"Pattern Integrities Tour - Cincinnati, OH",https://papadosio.bandcamp.com/album/pattern-integrities-tour-cincinnati-oh
"Pattern Integrities Tour - Cleveland, OH",https://papadosio.bandcamp.com/album/pattern-integrities-tour-cleveland-oh
"Pattern Integrities Tour - Vol. 15 - Brooklyn, NY",https://papadosio.bandcamp.com/album/pattern-integrities-tour-vol-15-brooklyn-ny
"Pattern Integrities Tour - Vol. 16 - Brooklyn, NY",https://papadosio.bandcamp.com/album/pattern-integrities-tour-vol-16-brooklyn-ny
"Pattern Integrities Tour - Vol. 14 - Washington, DC",https://papadosio.bandcamp.com/album/pattern-integrities-tour-vol-14-washington-dc
"Pattern Integrities Tour - Vol. 13 - Washington, DC",https://papadosio.bandcamp.com/album/pattern-integrities-tour-vol-13-washington-dc
"Pattern Integrities Tour - Vol. 12 - Raleigh, NC",https://papadosio.bandcamp.com/album/pattern-integrities-tour-vol-12-raleigh-nc
"Pattern Integrities Tour - Vol. 11 - Wilmington, NC",https://papadosio.bandcamp.com/album/pattern-integrities-tour-vol-11-wilmington-nc
"Pattern Integrities Tour - Vol. 10 - Detroit, MI",https://papadosio.bandcamp.com/album/pattern-integrities-tour-vol-10-detroit-mi
"Pattern Integrities Tour - Vol. 9 - Chicago, IL",https://papadosio.bandcamp.com/album/pattern-integrities-tour-vol-9-chicago-il
"Pattern Integrities Tour - Vol. 8 - Chicago, IL",https://papadosio.bandcamp.com/album/pattern-integrities-tour-vol-8-chicago-il
"Pattern Integrities Tour - Vol. 7 - Kalamazoo, MI",https://papadosio.bandcamp.com/album/pattern-integrities-tour-vol-7-kalamazoo-mi
"Pattern Integrities Tour - Vol. 6 - Morgantown, WV",https://papadosio.bandcamp.com/album/pattern-integrities-tour-vol-6-morgantown-wv
"Pattern Integrities Tour - Vol. 5 - Pittsburgh, PA",https://papadosio.bandcamp.com/album/pattern-integrities-tour-vol-5-pittsburgh-pa
"Pattern Integrities Tour - Vol. 4 - Burlington, VT",https://papadosio.bandcamp.com/album/pattern-integrities-tour-vol-4-burlington-vt
"Pattern Integrities Tour - Vol. 3 - Cambridge, MA",https://papadosio.bandcamp.com/album/pattern-integrities-tour-vol-3-cambridge-ma
"Pattern Integrities Tour - Vol. 2 - Cambridge, MA",https://papadosio.bandcamp.com/album/pattern-integrities-tour-vol-2-cambridge-ma
"Pattern Integrities Tour - Vol.1 - Philadelphia, PA",https://papadosio.bandcamp.com/album/pattern-integrities-tour-vol-1-philadelphia-pa
"Live at Resonance 2016 - 9.24 - Thornville, OH",https://papadosio.bandcamp.com/album/live-at-resonance-2016-924-thornville-oh
"Live at Resonance 2016 - 9.23 - Thornville, OH",https://papadosio.bandcamp.com/album/live-at-resonance-2016-923-thornville-oh
"Live from Imagine 2016 - Hampton, GA",https://papadosio.bandcamp.com/album/live-from-imagine-2016-hampton-ga
"Kosmos Music Festival - 8.26.16 - St. Charles, IA",https://papadosio.bandcamp.com/album/kosmos-music-festival-82616-st-charles-ia
Live from Arise 2016,https://papadosio.bandcamp.com/album/live-from-arise-2016
"New Mountain Amphitheater - 7.29.16 - Asheville, NC",https://papadosio.bandcamp.com/album/new-mountain-amphitheater-72916-asheville-nc
Live at Highberry 2016,https://papadosio.bandcamp.com/album/live-at-highberry-2016
Live at Camp Bisco 2016,https://papadosio.bandcamp.com/album/live-at-camp-bisco-2016
"Merryland Kick Off - Baltimore, MD",https://papadosio.bandcamp.com/album/merryland-kick-off-baltimore-md
Live at the Mad Tea Party Jam 2016,https://papadosio.bandcamp.com/album/live-at-the-mad-tea-party-jam-2016
"Live From Purple Hatters Ball - Suwannee, FL",https://papadosio.bandcamp.com/album/live-from-purple-hatters-ball-suwannee-fl
Live at Electric Forest 2016,https://papadosio.bandcamp.com/album/live-at-electric-forest-2016
Live from That Tent - Bonnaroo 2016,https://papadosio.bandcamp.com/album/live-from-that-tent-bonnaroo-2016
"Live from the Parish 2016 - Austin, TX",https://papadosio.bandcamp.com/album/live-from-the-parish-2016-austin-tx
Paradise 2016,https://papadosio.bandcamp.com/album/paradise-2016
"5.7.16 - Red Rocks Amphitheatre - Morrison, CO",https://papadosio.bandcamp.com/album/5716-red-rocks-amphitheatre-morrison-co
"#extrasinamovie | 11.13.15 | New York, NY",https://papadosio.bandcamp.com/album/extrasinamovie-111315-new-york-ny
"Papados10 Year Anniversary | 4.2.16 | Covington, KY",https://papadosio.bandcamp.com/album/papados10-year-anniversary-4216-covington-ky
"#extrasinamovie | 3.25.16 | Charlotte, NC",https://papadosio.bandcamp.com/album/extrasinamovie-32516-charlotte-nc
"#extrasinamovie | 3.11.16 | Houston, TX",https://papadosio.bandcamp.com/album/extrasinamovie-31116-houston-tx
"#extrasinamovie | 3.10.16 | Dallas, TX",https://papadosio.bandcamp.com/album/extrasinamovie-31016-dallas-tx
"#extrasinamovie | 3.9.16 | Tulsa, OK",https://papadosio.bandcamp.com/album/extrasinamovie-3916-tulsa-ok
"#extrasinamovie | 3.8.16 | Albuquerque, NM",https://papadosio.bandcamp.com/album/extrasinamovie-3816-albuquerque-nm
"#extrasinamovie | 3.6.16 | Tempe, AZ",https://papadosio.bandcamp.com/album/extrasinamovie-3616-tempe-az
"#extrasinamovie | 3.4.16 | Los Angeles, CA",https://papadosio.bandcamp.com/album/extrasinamovie-3416-los-angeles-ca
"#extrasinamovie | 3.3.16 | San Francisco, CA",https://papadosio.bandcamp.com/album/extrasinamovie-3316-san-francisco-ca
"#extrasinamovie | 3.2.16 | Crystal Bay, NV",https://papadosio.bandcamp.com/album/extrasinamovie-3216-crystal-bay-nv
"#extrasinamovie | 2.18.16 | Louisville, KY",https://papadosio.bandcamp.com/album/extrasinamovie-21816-louisville-ky
"#extrasinamovie | 2.28.16 | Eugene, OR",https://papadosio.bandcamp.com/album/extrasinamovie-22816-eugene-or
"#extrasinamovie | 2.26.16 | Portland, OR",https://papadosio.bandcamp.com/album/extrasinamovie-22616-portland-or
"#extrasinamovie | 2.24.16 | Bozeman, MT",https://papadosio.bandcamp.com/album/extrasinamovie-22416-bozeman-mt
"#extrasinamovie | 2.23.16 | Jackson, WY",https://papadosio.bandcamp.com/album/extrasinamovie-22316-jackson-wy
"#extrasinamovie | 2.21.16 | Omaha, NE",https://papadosio.bandcamp.com/album/extrasinamovie-22116-omaha-ne
"#extrasinamovie | 2.20.16 | Columbia, MO",https://papadosio.bandcamp.com/album/extrasinamovie-22016-columbia-mo
"#extrasinamovie | 2.19.16 | Indianapolis, IN",https://papadosio.bandcamp.com/album/extrasinamovie-21916-indianapolis-in
"#extrasinamovie | 2.17.16 | Chattanooga, TN",https://papadosio.bandcamp.com/album/extrasinamovie-21716-chattanooga-tn
"#extrasinamovie | 1.31.16 | Charleston, SC",https://papadosio.bandcamp.com/album/extrasinamovie-13116-charleston-sc
"#extrasinamovie | 1.29.16 | Ft. Lauderdale, FL",https://papadosio.bandcamp.com/album/extrasinamovie-12916-ft-lauderdale-fl
"#extrasinamovie | 1.28.16 | St. Petersburg, FL",https://papadosio.bandcamp.com/album/extrasinamovie-12816-st-petersburg-fl
"#extrasinamovie | 1.27.16 | Orlando, FL",https://papadosio.bandcamp.com/album/extrasinamovie-12716-orlando-fl
"#extrasinamovie | 1.26.16 | Tallahassee, FL",https://papadosio.bandcamp.com/album/extrasinamovie-12616-tallahassee-fl
"#extrasinamovie | 1.23.16 | Knoxville, TN",https://papadosio.bandcamp.com/album/extrasinamovie-12316-knoxville-tn
"#extrasinamovie | 1.21.16 | Nashville, TN",https://papadosio.bandcamp.com/album/extrasinamovie-12116-nashville-tn
"#extrasinamovie | 1.20.16 | Raleigh, NC | The Ritz",https://papadosio.bandcamp.com/album/extrasinamovie-12016-raleigh-nc-the-ritz
"Baltimore Soundstage | 1.2.16 | Baltimore, MD",https://papadosio.bandcamp.com/album/baltimore-soundstage-1216-baltimore-md
"The Fillmore | 12.31.15 | Silver Springs, MD",https://papadosio.bandcamp.com/album/the-fillmore-123115-silver-springs-md
Earth Night V: ATL | 12.19.15 | The Tabernacle,https://papadosio.bandcamp.com/album/earth-night-v-atl-121915-the-tabernacle
Earth Night V | 12.18.15 | Terminal West,https://papadosio.bandcamp.com/album/earth-night-v-121815-terminal-west
"Dominican Holidaze | 12.3.15 | Punta Cana, DR",https://papadosio.bandcamp.com/album/dominican-holidaze-12315-punta-cana-dr
"Bogart's | 11.27.15 | Cincinnati, OH",https://papadosio.bandcamp.com/album/bogarts-112715-cincinnati-oh
"House of Blues | 11.25.15 | Cleveland, OH",https://papadosio.bandcamp.com/album/house-of-blues-112515-cleveland-oh
"Mr Smalls | 11.21.15 | Millvale, PA",https://papadosio.bandcamp.com/album/mr-smalls-112115-millvale-pa
"Town Ballroom | 11.20.15 | Buffalo, NY",https://papadosio.bandcamp.com/album/town-ballroom-112015-buffalo-ny
"Higher Ground | 11.15.15 | Burlington, VT",https://papadosio.bandcamp.com/album/higher-ground-111515-burlington-vt
"Paradise Rock Club | 11.14.15 | Boston, MA",https://papadosio.bandcamp.com/album/paradise-rock-club-111415-boston-ma
"Fillmore | 11.12.15 | Philadelphia, PA",https://papadosio.bandcamp.com/album/fillmore-111215-philadelphia-pa
"Tally Ho | 11.11.15 | Leesburg, VA",https://papadosio.bandcamp.com/album/tally-ho-111115-leesburg-va
"Jefferson Theater | 11.10.15 | Charlottesville, VA",https://papadosio.bandcamp.com/album/jefferson-theater-111015-charlottesville-va
"The National | 11.7.15 | Richmond, VA",https://papadosio.bandcamp.com/album/the-national-11715-richmond-va
"The Norva | 11.6.15 | Norfolk, VA",https://papadosio.bandcamp.com/album/the-norva-11615-norfolk-va
"Ziggys by the Sea | 11.5.15 | Wilmington, NC",https://papadosio.bandcamp.com/album/ziggys-by-the-sea-11515-wilmington-nc
"Cone Denim Entertainment Center | 11.4.15 | Greensboro, NC",https://papadosio.bandcamp.com/album/cone-denim-entertainment-center-11-4-15-greensboro-nc
"The Orange Peel | 10.31.15 | Asheville, NC",https://papadosio.bandcamp.com/album/the-orange-peel-103115-asheville-nc
"Hulaween | 10.30.15 | Live Oak, FL",https://papadosio.bandcamp.com/album/hulaween-103015-live-oak-fl
"House of Blues | 10.24.15 | New Orleans, LA",https://papadosio.bandcamp.com/album/house-of-blues-10-24-15-new-orleans-la
"Workplay Theatre | 10.23.15 | Birmingham, AL",https://papadosio.bandcamp.com/album/workplay-theatre-102315-birmingham-al
"Georgia Theatre | 10.22.15 | Athens, GA",https://papadosio.bandcamp.com/album/georgia-theatre-102215-athens-ga
"Soul Kitchen | 10.21.15 | Mobile, AL",https://papadosio.bandcamp.com/album/soul-kitchen-10-21-15-mobile-al
"The Lyric | 10.20.15 | Oxford, MS",https://papadosio.bandcamp.com/album/the-lyric-10-20-15-oxford-ms
"House of Blues | 10.9.15 | Chicago, IL",https://papadosio.bandcamp.com/album/house-of-blues-10-9-15-chicago-il-2
"The Rave | 10.8.15 | Milwaukee, WI",https://papadosio.bandcamp.com/album/the-rave-10815-milwaukee-wi
"The Majestic | 10.6.15 | Madison, WI",https://papadosio.bandcamp.com/album/the-majestic-10615-madison-wi
"Boulder Theater | 10.3.15 | Boulder, CO",https://papadosio.bandcamp.com/album/boulder-theater-10315-boulder-co
"Boulder Theater | 10.2.15 | Boulder, CO",https://papadosio.bandcamp.com/album/boulder-theater-10215-boulder-co
"The Granada Theater | 10.1.15 | Lawrence, KS",https://papadosio.bandcamp.com/album/the-granada-theater-10115-lawrence-ks-2
"The Pageant | 9.30.15 | St. Louis, MO",https://papadosio.bandcamp.com/album/the-pageant-93015-st-louis-mo-3
"Canopy Club | 9.29.15 | Urbana, IL",https://papadosio.bandcamp.com/album/canopy-club-92915-urbana-il
"Resonance Music Festival | 9.26.15 | OH, USA",https://papadosio.bandcamp.com/album/resonance-music-festival-92615-oh-usa
"Resonance Music Festival | 9.25.15 | OH, USA",https://papadosio.bandcamp.com/album/resonance-music-festival-92515-oh-usa
"Backwoods Music Festival | 9.5.15 | Stroud, OK",https://papadosio.bandcamp.com/album/backwoods-music-festival-9515-stroud-ok
"Great North | 9.4.15 | Norridgewock, ME",https://papadosio.bandcamp.com/album/great-north-9415-norridgewock-me-2
"Great North | 9.3.15 | Norridgewock, ME",https://papadosio.bandcamp.com/album/great-north-9315-norridgewock-me
"Imagine Festival | 8.30.15 | Atlanta, GA",https://papadosio.bandcamp.com/album/imagine-festival-83015-atlanta-ga
"Peach Music Festival | 8.14.15 | Montage Mountain, PA",https://papadosio.bandcamp.com/album/peach-music-festival-81415-montage-mountain-pa
"The Werk Out | 8.6.15 | Legend Valley, OH",https://papadosio.bandcamp.com/album/the-werk-out-8615-legend-valley-oh
"F.a.r.m. Fest | 7.24.15 | Paradise Lake, NJ",https://papadosio.bandcamp.com/album/f-a-r-m-fest-72415-paradise-lake-nj
"F.a.r.m. Fest | 7.23.15 | Paradise Lake, NJ",https://papadosio.bandcamp.com/album/f-a-r-m-fest-72315-paradise-lake-nj
"Camp Bisco | 7.18.15 | Montage Mountain, PA",https://papadosio.bandcamp.com/album/camp-bisco-71815-montage-mountain-pa
"Red Rocks | 7.3.15 | Morrison, CO",https://papadosio.bandcamp.com/album/red-rocks-7315-morrison-co
"Earth Night Live PA Set | 12.19.14 | Columbus, OH",https://papadosio.bandcamp.com/album/earth-night-live-pa-set-121914-columbus-oh
"Live at Contour Music festival | 6.12.15 | Jackson, WY",https://papadosio.bandcamp.com/album/live-at-contour-music-festival-61215-jackson-wy-2
"Live at Bloomtown Festival | 6.5.15 | Waubun, MN",https://papadosio.bandcamp.com/album/live-at-bloomtown-festival-6515-waubun-mn
"F.A.R.M. Fest | 7.26.14 | Vernon, NJ",https://papadosio.bandcamp.com/album/f-a-r-m-fest-72614-vernon-nj
"Live at Counterpoint Music Festival |5.23.15| Rome, GA",https://papadosio.bandcamp.com/album/live-at-counterpoint-music-festival-52315-rome-ga
"Live at Summer Camp Music Festival |5.22.15| Chillicothe, IL",https://papadosio.bandcamp.com/album/live-at-summer-camp-music-festival-52215-chillicothe-il
"Live at The Ville |5.21.15| North Lawerence, OH",https://papadosio.bandcamp.com/album/live-at-the-ville-52115-north-lawerence-oh
"Live at Jam on the River |5.16.15| Penn's Landing, PA",https://papadosio.bandcamp.com/album/live-at-jam-on-the-river-51615-penns-landing-pa
"#Fourshadows Finale Pt. 2 |5.15.15| Washington, DC",https://papadosio.bandcamp.com/album/fourshadows-finale-pt-2-51515-washington-dc
"#Fourshadows Finale Pt. 1 | 5.14.15 | Norfolk, VA",https://papadosio.bandcamp.com/album/fourshadows-finale-pt-1-51415-norfolk-va
"#Fourshadows | 4.19.15 | Mobile, AL",https://papadosio.bandcamp.com/album/fourshadows-41915-mobile-al
"#Fourshadows | 4.18.15 | New Orleans, LA",https://papadosio.bandcamp.com/album/fourshadows-41815-new-orleans-la
"#Fourshadows | 4.16.15 | Dallas, TX",https://papadosio.bandcamp.com/album/fourshadows-41615-dallas-tx
"#Fourshadows | 4.15.15 | Little Rock, AR",https://papadosio.bandcamp.com/album/fourshadows-41515-little-rock-ar
"#Fourshadows | 4.14.15 | Oxford, MS",https://papadosio.bandcamp.com/album/fourshadows-41415-oxford-ms
"#Fourshadows | 4.12.15 | St. Louis, MO",https://papadosio.bandcamp.com/album/fourshadows-41215-st-louis-mo
"#Fourshadows | RE:VISION | 4.11.15 | Chicago, IL",https://papadosio.bandcamp.com/album/fourshadows-re-vision-41115-chicago-il
"#Fourshadows | 4.10.15 | Lafayette, IN",https://papadosio.bandcamp.com/album/fourshadows-41015-lafayette-in
"#Fourshadows | 4.9.15 | Milwaukee, WI",https://papadosio.bandcamp.com/album/fourshadows-4915-milwaukee-wi
"#Fourshadows | 4.8.15 | Minneapolis, MN",https://papadosio.bandcamp.com/album/fourshadows-4815-minneapolis-mn
"#Fourshadows | 4.4.15 | Fort Collins, CO",https://papadosio.bandcamp.com/album/fourshadows-4415-fort-collins-co
"#Fourshadows | 4.3.15 | Fort Collins, CO",https://papadosio.bandcamp.com/album/fourshadows-4315-fort-collins-co
"Live From The Hills |3.28.15| Pataskala, OH",https://papadosio.bandcamp.com/album/live-from-the-hills-32815-pataskala-oh
"Live From The Hills |3.27.15| Pataskala, OH",https://papadosio.bandcamp.com/album/live-from-the-hills-32715-pataskala-oh
"Live at Jungle Jam |3.20.15| Jaco, CR",https://papadosio.bandcamp.com/album/live-at-jungle-jam-32015-jaco-cr
"Live at Aura Music & Arts Festival |3.7.15| Live Oak, FL",https://papadosio.bandcamp.com/album/live-at-aura-music-arts-festival-3715-live-oak-fl-2
"Live at Aura Music & Arts Festival |3.6.15| Live Oak, FL",https://papadosio.bandcamp.com/album/live-at-aura-music-arts-festival-3615-live-oak-fl
"The Great Thaw Part III |2.28.15| Asheville, NC",https://papadosio.bandcamp.com/album/the-great-thaw-part-iii-22815-asheville-nc
"The Great Thaw Part II |2.27.15| Asheville, NC",https://papadosio.bandcamp.com/album/the-great-thaw-part-ii-22715-asheville-nc
Gem and Jam 2015,https://papadosio.bandcamp.com/album/gem-and-jam-2015
"#NYE2014 - 12.31.14 - Baltimore, MD",https://papadosio.bandcamp.com/album/nye2014-123114-baltimore-md
Earth Night IV: CBUS (12.20.14),https://papadosio.bandcamp.com/album/earth-night-iv-cbus-122014
"Earth Night Pt. I  12.13.14 Denver, CO",https://papadosio.bandcamp.com/album/earth-night-pt-i-121314-denver-co
Live at Bogart's - Imaginal Cells Tour,https://papadosio.bandcamp.com/album/live-at-bogarts-imaginal-cells-tour
Live at the House of Blues Cleveland - Imaginal Cells Tour,https://papadosio.bandcamp.com/album/live-at-the-house-of-blues-cleveland-imaginal-cells-tour
The Road to Earth Night 2014,https://papadosio.bandcamp.com/album/the-road-to-earth-night-2014
Live at Terminal West II - Imaginal Cells Tour,https://papadosio.bandcamp.com/album/live-at-terminal-west-ii-imaginal-cells-tour
Live at Terminal West I - Imaginal Cells Tour,https://papadosio.bandcamp.com/album/live-at-terminal-west-i-imaginal-cells-tour
Live at the Georgia Theatre - Imaginal Cells Tour,https://papadosio.bandcamp.com/album/live-at-the-georgia-theatre-imaginal-cells-tour
Live at Cannery Ballroom - Imaginal Cells Tour,https://papadosio.bandcamp.com/album/live-at-cannery-ballroom-imaginal-cells-tour
Live at the Lincoln Theatre - Imaginal Cells Tour,https://papadosio.bandcamp.com/album/live-at-the-lincoln-theatre-imaginal-cells-tour
Live at the Chop Shop - Imaginal Cells Tour,https://papadosio.bandcamp.com/album/live-at-the-chop-shop-imaginal-cells-tour
Live at the International - Imaginal Cells Tour,https://papadosio.bandcamp.com/album/live-at-the-international-imaginal-cells-tour
Live at the Music Farm - Imaginal Cells Tour,https://papadosio.bandcamp.com/album/live-at-the-music-farm-imaginal-cells-tour
Live at The Orange Peel - Imaginal Cells Halloween,https://papadosio.bandcamp.com/album/live-at-the-orange-peel-imaginal-cells-halloween
Live at the House of Blues Chicago - Imaginal Cells Tour,https://papadosio.bandcamp.com/album/live-at-the-house-of-blues-chicago-imaginal-cells-tour
Live at The Intersection - Imaginal Cells Tour,https://papadosio.bandcamp.com/album/live-at-the-intersection-imaginal-cells-tour
Live at St. Andrew's Hall - Imaginal Cells Tour,https://papadosio.bandcamp.com/album/live-at-st-andrews-hall-imaginal-cells-tour
Live at Town Ballroom - Imaginal Cells Tour,https://papadosio.bandcamp.com/album/live-at-town-ballroom-imaginal-cells-tour
"Live at the House of Blues - Boston, MA",https://papadosio.bandcamp.com/album/live-at-the-house-of-blues-boston-ma
Live at the Paradise Rock Club - Imaginal Cells Tour,https://papadosio.bandcamp.com/album/live-at-the-paradise-rock-club-imaginal-cells-tour
Live at Higher Ground - Imaginal Cells Tour,https://papadosio.bandcamp.com/album/live-at-higher-ground-imaginal-cells-tour
Live at Pearl Street - Imaginal Cells Tour,https://papadosio.bandcamp.com/album/live-at-pearl-street-imaginal-cells-tour
Live at the Westcott Theater - Imaginal Cells Tour,https://papadosio.bandcamp.com/album/live-at-the-westcott-theater-imaginal-cells-tour
Live at The Haunt - Imaginal Cells Tour,https://papadosio.bandcamp.com/album/live-at-the-haunt-imaginal-cells-tour
Live at Toad's Place - Imaginal Cells Tour,https://papadosio.bandcamp.com/album/live-at-toads-place-imaginal-cells-tour
Live at Irving Plaza - Imaginal Cells Tour,https://papadosio.bandcamp.com/album/live-at-irving-plaza-imaginal-cells-tour
Live at District 9NE - Imaginal Cells Tour,https://papadosio.bandcamp.com/album/live-at-district-9ne-imaginal-cells-tour
Live at The National - Imaginal Cells Tour,https://papadosio.bandcamp.com/album/live-at-the-national-imaginal-cells-tour
Live at The Jefferson Theatre - Imaginal Cells Tour,https://papadosio.bandcamp.com/album/live-at-the-jefferson-theatre-imaginal-cells-tour
Resonance 2014 I - 10.3.14,https://papadosio.bandcamp.com/album/resonance-2014-i-10314
Resonance 2014 II - 10.4.14,https://papadosio.bandcamp.com/album/resonance-2014-ii-10414
Red Rocks - 9.19.14,https://papadosio.bandcamp.com/album/red-rocks-91914
Camp Barefoot 2014,https://papadosio.bandcamp.com/album/camp-barefoot-2014
Peach Festival 2014,https://papadosio.bandcamp.com/album/peach-festival-2014
Catskill Chill 2014,https://papadosio.bandcamp.com/album/catskill-chill-2014
Gratifly 2014 - 7.25.14 - Night II,https://papadosio.bandcamp.com/album/gratifly-2014-72514-night-ii
Gratifly 2014 - 7.24.14 - Night 1,https://papadosio.bandcamp.com/album/gratifly-2014-72414-night-1
Electric Forest 2014,https://papadosio.bandcamp.com/album/electric-forest-2014
Mad Tea Party Jam 2014,https://papadosio.bandcamp.com/album/mad-tea-party-jam-2014
"Wakarusa 2014 - Ozark, AR",https://papadosio.bandcamp.com/album/wakarusa-2014-ozark-ar
BLACKSTOCK 2014,https://papadosio.bandcamp.com/album/blackstock-2014
Live at Jam on the River 2014,https://papadosio.bandcamp.com/album/live-at-jam-on-the-river-2014
Live at 9:30 Club - 5.10.14,https://papadosio.bandcamp.com/album/live-at-9-30-club-51014
Live at 9:30 Club - 5.9.14,https://papadosio.bandcamp.com/album/live-at-9-30-club-5914
Counterpoint 2014,https://papadosio.bandcamp.com/album/counterpoint-2014
"2014-04-26 - Madison Theatre - Covington, KY",https://papadosio.bandcamp.com/album/2014-04-26-madison-theatre-covington-ky
"2014-04-03 - Turner Hall - Milwaukee, WI",https://papadosio.bandcamp.com/album/2014-04-03-turner-hall-milwaukee-wi
"2014-04-04 - The Deluxe at Old National - Indianapolis, IN",https://papadosio.bandcamp.com/album/2014-04-04-the-deluxe-at-old-national-indianapolis-in
"2014-04-05 - Concord Music Hall - Chicago, IL",https://papadosio.bandcamp.com/album/2014-04-05-concord-music-hall-chicago-il
"2014-03-09 - Aggie Theatre - Ft Collins, CO",https://papadosio.bandcamp.com/album/2014-03-09-aggie-theatre-ft-collins-co
"2014-04-06 - Magreenery Live - Louisville, KY",https://papadosio.bandcamp.com/album/2014-04-06-magreenery-live-louisville-ky
2014-03-29 - Hoopla in the Hills - Night 2,https://papadosio.bandcamp.com/album/2014-03-29-hoopla-in-the-hills-night-2
2014-03-28 - Hoopla in the Hills - Night 1,https://papadosio.bandcamp.com/album/2014-03-28-hoopla-in-the-hills-night-1
"2014-03-25 - Top Hat - Missoula, MT",https://papadosio.bandcamp.com/album/2014-03-25-top-hat-missoula-mt
"2014-03-21 - The Crocodile - Seattle, WA",https://papadosio.bandcamp.com/album/2014-03-21-the-crocodile-seattle-wa
"2014-03-22 - Wonder Ballroom - Portland, OR",https://papadosio.bandcamp.com/album/2014-03-22-wonder-ballroom-portland-or
"2014-03-15 - Great American Music Hall -San Francisco, CA",https://papadosio.bandcamp.com/album/2014-03-15-great-american-music-hall-san-francisco-ca
"2014-03-08 - The Fox Theatre - Boulder ,CO",https://papadosio.bandcamp.com/album/2014-03-08-the-fox-theatre-boulder-co
"2014-03-07 - The Fox Theatre - Boulder, CO",https://papadosio.bandcamp.com/album/2014-03-07-the-fox-theatre-boulder-co
"2014-02-28 - Last Concert Cafe - Houston, TX",https://papadosio.bandcamp.com/album/2014-02-28-last-concert-cafe-houston-tx
"2014-03-01 - The Belmont - Austin, TX",https://papadosio.bandcamp.com/album/2014-03-01-the-belmont-austin-tx
"2014-02-27 - Tipitina's - New Orleans, LA",https://papadosio.bandcamp.com/album/2014-02-27-tipitinas-new-orleans-la
"Live at Envision 2014 - Sol Stage - Uvita, Costa Rica",https://papadosio.bandcamp.com/album/live-at-envision-2014-sol-stage-uvita-costa-rica
"2014-02-15 - Aura - Live Oak, FL",https://papadosio.bandcamp.com/album/2014-02-15-aura-live-oak-fl
"2014-02-14 - Aura 2014 - Live Oak, FL",https://papadosio.bandcamp.com/album/2014-02-14-aura-2014-live-oak-fl
"2013-12-29- Ziggy's by the Sea - Wilmington, NC",https://papadosio.bandcamp.com/album/2013-12-29-ziggys-by-the-sea-wilmington-nc
"2013-12-28 - The NorVa - Norfolk, VA",https://papadosio.bandcamp.com/album/2013-12-28-the-norva-norfolk-va
"2013-12-27 - The National - Richmond, VA",https://papadosio.bandcamp.com/album/2013-12-27-the-national-richmond-va
Earth Night III: CBUS (12.21.13),https://papadosio.bandcamp.com/album/earth-night-iii-cbus-122113
Earth Night III: CBUS (12.20.13),https://papadosio.bandcamp.com/album/earth-night-iii-cbus-122013
"2013-11-30 - House of Blues - Cleveland, OH",https://papadosio.bandcamp.com/album/2013-11-30-house-of-blues-cleveland-oh
"2013-11-29 - Bogarts - Cincinnati, OH",https://papadosio.bandcamp.com/album/2013-11-29-bogarts-cincinnati-oh
"2013-11-07 - Highline Ballroom - New York, NY",https://papadosio.bandcamp.com/album/2013-11-07-highline-ballroom-new-york-ny
"2013-11-1 - Toad's Place - New Haven, CT",https://papadosio.bandcamp.com/album/2013-11-1-toads-place-new-haven-ct
"2013-10-10 - Majestic Live - Madison, WI",https://papadosio.bandcamp.com/album/2013-10-10-majestic-live-madison-wi
"2013-11-8 - The Sinclair - Cambridge, MA",https://papadosio.bandcamp.com/album/2013-11-8-the-sinclair-cambridge-ma
"2013-11-9 - Trocadero - Philadelphia, PA",https://papadosio.bandcamp.com/album/2013-11-9-trocadero-philadelphia-pa
"2013-10-03 - Aggie Theatre - Ft. Collins, CO",https://papadosio.bandcamp.com/album/2013-10-03-aggie-theatre-ft-collins-co
"2013-10-04 - Ogden Theatre - Denver, CO",https://papadosio.bandcamp.com/album/2013-10-04-ogden-theatre-denver-co
"2013-08-29 - Workplay Theatre - Birmingham, AL",https://papadosio.bandcamp.com/album/2013-08-29-workplay-theatre-birmingham-al
"2013-09-13 - Old City Courtyard - Knoxville, TN",https://papadosio.bandcamp.com/album/2013-09-13-old-city-courtyard-knoxville-tn
"2013-09-27 - House of Blues - Chicago, IL",https://papadosio.bandcamp.com/album/2013-09-27-house-of-blues-chicago-il
"2013-09-26 - The Intersection - Grand Rapids, MI",https://papadosio.bandcamp.com/album/2013-09-26-the-intersection-grand-rapids-mi
Free Papadosio Ringtones,https://papadosio.bandcamp.com/album/free-papadosio-ringtones
"2013-09-06 - Hyperion - Spencer, IN",https://papadosio.bandcamp.com/album/2013-09-06-hyperion-spencer-in
"2013-09-12 - The Werk Out - Thornville, OH",https://papadosio.bandcamp.com/album/2013-09-12-the-werk-out-thornville-oh
"2013-08-18 - Acoustic - Logan, OH",https://papadosio.bandcamp.com/album/2013-08-18-acoustic-logan-oh
"2013-08-15 - Rootwire 2K13 Live PA - Logan, OH",https://papadosio.bandcamp.com/album/2013-08-15-rootwire-2k13-live-pa-logan-oh
"2013-08-17 - Rootwire - Logan, OH",https://papadosio.bandcamp.com/album/2013-08-17-rootwire-logan-oh
"2013-07-18 - All Good 2013 - Thornville, OH",https://papadosio.bandcamp.com/album/2013-07-18-all-good-2013-thornville-oh
"2013-06-21 - Culture Room - Ft. Lauderdale, FL",https://papadosio.bandcamp.com/album/2013-06-21-culture-room-ft-lauderdale-fl
"2013-06-20 - State Theatre - St. Petersburg, FL",https://papadosio.bandcamp.com/album/2013-06-20-state-theatre-st-petersburg-fl
"2013-06-22 - Freebird Live - Jacksonville, FL",https://papadosio.bandcamp.com/album/2013-06-22-freebird-live-jacksonville-fl
"Live at Wakarusa 2013 - Revival Tent - Ozark, AR",https://papadosio.bandcamp.com/album/live-at-wakarusa-2013-revival-tent-ozark-ar
"The Future Forest Finale - 5.3.13 + 5.4.13 - Denver, CO",https://papadosio.bandcamp.com/album/the-future-forest-finale-5313-5413-denver-co
"2013-05-02 - Aggie Theatre - Ft. Collins, CO",https://papadosio.bandcamp.com/album/2013-05-02-aggie-theatre-ft-collins-co
"2013-04-27 - The Parish - Austin, TX",https://papadosio.bandcamp.com/album/2013-04-27-the-parish-austin-tx
"2013-04-20 - Blockley - Philadelphia, PA",https://papadosio.bandcamp.com/album/2013-04-20-blockley-philadelphia-pa
"2013-04-24 - Terminal West - Atlanta, GA",https://papadosio.bandcamp.com/album/2013-04-24-terminal-west-atlanta-ga
"2013-04-19 - 9:30 Club - Washington, DC",https://papadosio.bandcamp.com/album/2013-04-19-9-30-club-washington-dc
"Live at Aura 2013 - Spirit of Suwannee- Live Oak, FL",https://papadosio.bandcamp.com/album/live-at-aura-2013-spirit-of-suwannee-live-oak-fl
"2013-02-14 - Georgia Theatre - Athens, GA",https://papadosio.bandcamp.com/album/2013-02-14-georgia-theatre-athens-ga
"2013-02-07 - Stage 48 - New York, NY",https://papadosio.bandcamp.com/album/2013-02-07-stage-48-new-york-ny
"2013-02-09 - Higher Ground - Burlington, VT",https://papadosio.bandcamp.com/album/2013-02-09-higher-ground-burlington-vt
"2013-02-03 - St. Andrew's Hall - Detroit, MI",https://papadosio.bandcamp.com/album/2013-02-03-st-andrews-hall-detroit-mi
"2013-02-02 - House of Blues - Chicago, IL",https://papadosio.bandcamp.com/album/2013-02-02-house-of-blues-chicago-il
